"날짜","셀러수"
"2025-07-04",17
"2025-07-05",3
"2025-07-06",1
"2025-07-07",19
"2025-07-08",18
"2025-07-09",19
"2025-07-10",18
"2025-07-11",16
"2025-07-12",2
"2025-07-13",1
"2025-07-14",17
"2025-07-15",18
"2025-07-16",17
"2025-07-17",17
"2025-07-18",16
"2025-07-19",2
"2025-07-20",1
"2025-07-21",18
"2025-07-22",19
"2025-07-23",16
"2025-07-24",20
"2025-07-25",18
"2025-07-26",3
"2025-07-27",1
"2025-07-28",19
"2025-07-29",20
"2025-07-30",18
"2025-07-31",17
"2025-08-01",18
"2025-08-02",3
"2025-08-03",1
"2025-08-04",19
"2025-08-05",18
"2025-08-06",16
"2025-08-07",18
"2025-08-08",16
"2025-08-09",3
"2025-08-10",2
"2025-08-11",19
"2025-08-12",21
"2025-08-13",19
"2025-08-14",12
"2025-08-15",3
"2025-08-16",3
"2025-08-17",2
"2025-08-18",20
"2025-08-19",21
"2025-08-20",20
"2025-08-21",20
"2025-08-22",19
"2025-08-23",4
"2025-08-24",1
"2025-08-25",19
"2025-08-26",18
"2025-08-27",19
"2025-08-28",17
"2025-08-29",16
"2025-08-30",3
"2025-08-31",1
"2025-09-01",17
"2025-09-02",17
