"year","month","day","location_nunique"
"2024","3","1","2"
"2024","3","2","3"
"2024","3","3","2"
"2024","3","4","7"
"2024","3","5","7"
"2024","3","6","7"
"2024","3","7","7"
"2024","3","8","7"
"2024","3","9","3"
"2024","3","10","2"
"2024","3","11","7"
"2024","3","12","7"
"2024","3","13","7"
"2024","3","14","7"
"2024","3","15","7"
"2024","3","16","3"
"2024","3","17","2"
"2024","3","18","7"
"2024","3","19","7"
"2024","3","20","9"
"2024","3","21","7"
"2024","3","22","8"
"2024","3","23","3"
"2024","3","24","2"
"2024","3","25","7"
"2024","3","26","7"
"2024","3","27","8"
"2024","3","28","7"
"2024","3","29","7"
"2024","3","30","3"
"2024","3","31","2"
