"날짜","지역","총 물량","지그재그 당일배송","카카오모빌리티","부스터스","other_seller"
"2024-07-01","강남","376","185","107","0","84"
"2024-07-01","강동","231","133","57","0","41"
"2024-07-01","강북","152","97","32","0","23"
"2024-07-01","강서","394","250","71","0","73"
"2024-07-01","계양","95","51","18","0","26"
"2024-07-01","관악","405","288","57","0","60"
"2024-07-01","광명","142","88","19","0","35"
"2024-07-01","광진","234","160","48","0","26"
"2024-07-01","구로","225","125","58","0","42"
"2024-07-01","구리","79","38","17","0","24"
"2024-07-01","군포","93","56","28","0","9"
"2024-07-01","권선","180","96","50","0","34"
"2024-07-01","금천","157","118","22","0","17"
"2024-07-01","기흥","185","99","40","0","46"
"2024-07-01","김포","175","91","42","0","42"
"2024-07-01","남양주","106","49","22","0","35"
"2024-07-01","노원","247","138","62","0","47"
"2024-07-01","덕양","135","78","26","0","31"
"2024-07-01","도봉","136","79","32","0","25"
"2024-07-01","동대문","246","154","50","0","42"
"2024-07-01","동안","157","81","39","0","37"
"2024-07-01","동작","276","181","60","0","35"
"2024-07-01","마포","268","158","62","0","48"
"2024-07-01","만안","69","31","18","0","20"
"2024-07-01","부천","335","191","79","0","65"
"2024-07-01","부평","202","117","42","0","43"
"2024-07-01","분당","217","101","59","0","57"
"2024-07-01","서대문","195","134","35","0","26"
"2024-07-01","서초","240","125","56","0","59"
"2024-07-01","성남","38","18","10","0","10"
"2024-07-01","성동","195","106","50","0","39"
"2024-07-01","성북","222","149","44","0","29"
"2024-07-01","송파","436","244","109","0","83"
"2024-07-01","수정","86","61","15","0","10"
"2024-07-01","수지","172","95","39","0","38"
"2024-07-01","양천","191","90","53","0","48"
"2024-07-01","영등포","307","191","72","0","44"
"2024-07-01","영통","222","135","47","0","40"
"2024-07-01","용산","133","82","30","0","21"
"2024-07-01","은평","267","160","56","0","51"
"2024-07-01","의정부","219","129","45","0","45"
"2024-07-01","일산동구","122","60","37","0","25"
"2024-07-01","일산서구","131","82","22","0","27"
"2024-07-01","장안","98","56","27","0","15"
"2024-07-01","종로","103","76","17","0","10"
"2024-07-01","중구","113","56","42","0","15"
"2024-07-01","중랑","194","119","46","0","29"
"2024-07-01","중원","92","54","20","0","18"
"2024-07-01","팔달","104","65","24","0","15"
"2024-07-01","하남","155","78","34","0","43"
"2024-07-01","화성","268","122","50","0","96"
"2024-07-02","강남","368","242","68","0","58"
"2024-07-02","강동","268","193","35","0","40"
"2024-07-02","강북","141","102","20","0","19"
"2024-07-02","강서","415","309","49","0","57"
"2024-07-02","계양","132","107","14","0","11"
"2024-07-02","관악","469","369","65","0","35"
"2024-07-02","광명","142","99","15","0","28"
"2024-07-02","광진","282","210","39","0","33"
"2024-07-02","구로","239","181","26","0","32"
"2024-07-02","구리","101","67","16","0","18"
"2024-07-02","군포","128","93","11","0","24"
"2024-07-02","권선","190","146","24","0","20"
"2024-07-02","금천","175","129","25","0","21"
"2024-07-02","기흥","213","138","27","0","48"
"2024-07-02","김포","207","141","21","0","45"
"2024-07-02","남양주","154","108","20","0","26"
"2024-07-02","노원","270","208","34","0","28"
"2024-07-02","덕양","185","134","16","0","35"
"2024-07-02","도봉","172","131","17","0","24"
"2024-07-02","동대문","242","182","34","0","26"
"2024-07-02","동안","158","104","23","0","31"
"2024-07-02","동작","275","221","32","0","22"
"2024-07-02","마포","291","212","45","0","34"
"2024-07-02","만안","111","84","13","0","14"
"2024-07-02","부천","414","304","63","0","47"
"2024-07-02","부평","241","177","34","0","30"
"2024-07-02","분당","221","149","39","0","33"
"2024-07-02","서대문","206","154","28","0","24"
"2024-07-02","서초","256","166","47","0","43"
"2024-07-02","성남","40","23","6","0","11"
"2024-07-02","성동","191","128","35","0","28"
"2024-07-02","성북","294","212","45","0","37"
"2024-07-02","송파","416","291","60","0","65"
"2024-07-02","수정","127","96","20","0","11"
"2024-07-02","수지","202","138","31","0","33"
"2024-07-02","양천","239","169","31","0","39"
"2024-07-02","영등포","334","253","47","0","34"
"2024-07-02","영통","249","162","39","0","48"
"2024-07-02","용산","135","97","22","0","16"
"2024-07-02","은평","304","231","36","0","37"
"2024-07-02","의정부","194","142","20","0","32"
"2024-07-02","일산동구","161","108","26","0","27"
"2024-07-02","일산서구","145","91","26","0","28"
"2024-07-02","장안","147","107","16","0","24"
"2024-07-02","종로","97","72","17","0","8"
"2024-07-02","중구","122","73","29","0","20"
"2024-07-02","중랑","217","160","32","0","25"
"2024-07-02","중원","102","74","15","0","13"
"2024-07-02","팔달","134","101","17","0","16"
"2024-07-02","하남","146","98","25","0","23"
"2024-07-02","화성","298","193","36","0","69"
"2024-07-03","강남","348","227","58","0","63"
"2024-07-03","강동","272","208","37","0","27"
"2024-07-03","강북","156","125","21","0","10"
"2024-07-03","강서","402","318","46","0","38"
"2024-07-03","계양","103","73","11","0","19"
"2024-07-03","관악","468","395","47","0","26"
"2024-07-03","광명","109","85","11","0","13"
"2024-07-03","광진","306","249","30","0","27"
"2024-07-03","구로","250","200","25","0","25"
"2024-07-03","구리","100","78","9","0","13"
"2024-07-03","군포","99","75","15","0","9"
"2024-07-03","권선","197","158","23","0","16"
"2024-07-03","금천","162","136","13","0","13"
"2024-07-03","기흥","177","131","25","0","21"
"2024-07-03","김포","203","146","27","0","30"
"2024-07-03","남양주","120","94","15","0","11"
"2024-07-03","노원","253","204","26","0","23"
"2024-07-03","덕양","173","132","14","0","27"
"2024-07-03","도봉","138","110","15","0","13"
"2024-07-03","동대문","236","202","19","0","15"
"2024-07-03","동안","175","125","28","0","22"
"2024-07-03","동작","250","196","27","0","27"
"2024-07-03","마포","302","239","34","0","29"
"2024-07-03","만안","107","78","20","0","9"
"2024-07-03","부천","395","306","40","0","49"
"2024-07-03","부평","257","193","37","0","27"
"2024-07-03","분당","217","156","33","0","28"
"2024-07-03","서대문","200","150","30","0","20"
"2024-07-03","서초","226","158","35","0","33"
"2024-07-03","성남","33","26","2","0","5"
"2024-07-03","성동","169","129","23","0","17"
"2024-07-03","성북","260","189","35","0","36"
"2024-07-03","송파","419","310","42","0","67"
"2024-07-03","수정","102","80","8","0","14"
"2024-07-03","수지","176","112","28","0","36"
"2024-07-03","양천","204","154","25","0","25"
"2024-07-03","영등포","264","221","18","0","25"
"2024-07-03","영통","248","180","36","0","32"
"2024-07-03","용산","115","79","19","0","17"
"2024-07-03","은평","270","222","30","0","18"
"2024-07-03","의정부","234","183","27","0","24"
"2024-07-03","일산동구","164","116","24","0","24"
"2024-07-03","일산서구","149","99","23","0","27"
"2024-07-03","장안","145","105","23","0","17"
"2024-07-03","종로","89","74","8","0","7"
"2024-07-03","중구","125","80","31","0","14"
"2024-07-03","중랑","216","167","21","0","28"
"2024-07-03","중원","114","89","12","0","13"
"2024-07-03","팔달","114","87","17","0","10"
"2024-07-03","하남","136","103","13","0","20"
"2024-07-03","화성","269","183","34","0","52"
"2024-07-04","강남","404","266","56","0","82"
"2024-07-04","강동","333","224","47","0","62"
"2024-07-04","강북","153","115","16","0","22"
"2024-07-04","강서","455","348","54","0","53"
"2024-07-04","계양","152","110","13","0","29"
"2024-07-04","관악","483","411","35","0","37"
"2024-07-04","광명","130","90","9","0","31"
"2024-07-04","광진","294","238","23","0","33"
"2024-07-04","구로","294","231","29","0","34"
"2024-07-04","구리","90","66","3","0","21"
"2024-07-04","군포","121","89","14","0","18"
"2024-07-04","권선","203","149","17","0","37"
"2024-07-04","금천","184","153","16","0","15"
"2024-07-04","기흥","230","163","25","0","42"
"2024-07-04","김포","197","128","24","0","45"
"2024-07-04","남양주","160","117","12","0","31"
"2024-07-04","노원","274","210","20","0","44"
"2024-07-04","덕양","172","131","17","0","24"
"2024-07-04","도봉","159","125","11","0","23"
"2024-07-04","동대문","286","229","26","0","31"
"2024-07-04","동안","169","124","19","0","26"
"2024-07-04","동작","284","224","26","0","34"
"2024-07-04","마포","312","224","41","0","47"
"2024-07-04","만안","127","91","14","0","22"
"2024-07-04","부천","406","320","25","0","61"
"2024-07-04","부평","265","197","22","0","46"
"2024-07-04","분당","230","158","20","0","52"
"2024-07-04","서대문","251","193","30","0","28"
"2024-07-04","서초","281","199","39","0","43"
"2024-07-04","성남","51","30","7","0","14"
"2024-07-04","성동","214","154","27","0","33"
"2024-07-04","성북","305","225","36","0","44"
"2024-07-04","송파","431","308","43","0","80"
"2024-07-04","수정","104","79","3","0","22"
"2024-07-04","수지","205","133","23","0","49"
"2024-07-04","양천","267","194","31","0","42"
"2024-07-04","영등포","338","257","35","0","46"
"2024-07-04","영통","240","175","22","0","43"
"2024-07-04","용산","151","99","21","0","31"
"2024-07-04","은평","292","227","33","0","32"
"2024-07-04","의정부","239","194","16","0","29"
"2024-07-04","일산동구","190","128","18","0","44"
"2024-07-04","일산서구","179","136","7","0","36"
"2024-07-04","장안","132","94","10","0","28"
"2024-07-04","종로","118","89","13","0","16"
"2024-07-04","중구","123","78","22","0","23"
"2024-07-04","중랑","250","196","30","0","24"
"2024-07-04","중원","121","98","8","0","15"
"2024-07-04","팔달","116","92","11","0","13"
"2024-07-04","하남","174","121","18","0","35"
"2024-07-04","화성","332","224","21","0","87"
"2024-07-05","강남","422","271","72","0","79"
"2024-07-05","강동","330","262","19","0","49"
"2024-07-05","강북","190","139","25","0","26"
"2024-07-05","강서","436","357","36","0","43"
"2024-07-05","계양","147","117","10","0","20"
"2024-07-05","관악","515","443","29","0","43"
"2024-07-05","광명","159","128","6","0","25"
"2024-07-05","광진","290","245","20","0","25"
"2024-07-05","구로","270","206","20","0","44"
"2024-07-05","구리","129","95","6","0","28"
"2024-07-05","군포","126","95","9","0","22"
"2024-07-05","권선","190","145","16","0","29"
"2024-07-05","금천","170","142","14","0","14"
"2024-07-05","기흥","203","149","16","0","38"
"2024-07-05","김포","189","136","7","0","46"
"2024-07-05","남양주","155","109","10","0","36"
"2024-07-05","노원","303","229","31","0","43"
"2024-07-05","덕양","169","134","12","0","23"
"2024-07-05","도봉","194","164","11","0","19"
"2024-07-05","동대문","258","211","17","0","30"
"2024-07-05","동안","170","122","16","0","32"
"2024-07-05","동작","321","268","24","0","29"
"2024-07-05","마포","318","253","24","0","41"
"2024-07-05","만안","90","52","15","0","23"
"2024-07-05","부천","408","321","32","0","55"
"2024-07-05","부평","285","221","16","0","48"
"2024-07-05","분당","214","144","27","0","43"
"2024-07-05","서대문","239","185","19","0","35"
"2024-07-05","서초","263","184","20","0","59"
"2024-07-05","성남","48","28","6","0","14"
"2024-07-05","성동","200","155","16","0","29"
"2024-07-05","성북","302","228","27","0","47"
"2024-07-05","송파","460","354","41","0","65"
"2024-07-05","수정","107","87","6","0","14"
"2024-07-05","수지","205","133","19","0","53"
"2024-07-05","양천","241","179","23","0","39"
"2024-07-05","영등포","328","242","26","0","60"
"2024-07-05","영통","270","195","15","0","60"
"2024-07-05","용산","145","106","16","0","23"
"2024-07-05","은평","351","273","27","0","51"
"2024-07-05","의정부","242","188","13","0","41"
"2024-07-05","일산동구","172","113","25","0","34"
"2024-07-05","일산서구","145","109","9","0","27"
"2024-07-05","장안","124","95","8","0","21"
"2024-07-05","종로","113","87","12","0","14"
"2024-07-05","중구","119","86","13","0","20"
"2024-07-05","중랑","289","227","23","0","39"
"2024-07-05","중원","109","82","9","0","18"
"2024-07-05","팔달","128","97","11","0","20"
"2024-07-05","하남","196","146","15","0","35"
"2024-07-05","화성","301","212","18","0","71"
"2024-07-06","강남","205","182","23","0","0"
"2024-07-06","강동","179","171","8","0","0"
"2024-07-06","강북","89","83","6","0","0"
"2024-07-06","강서","247","236","10","0","1"
"2024-07-06","계양","70","64","6","0","0"
"2024-07-06","관악","260","248","12","0","0"
"2024-07-06","광명","69","65","4","0","0"
"2024-07-06","광진","185","174","11","0","0"
"2024-07-06","구로","135","127","8","0","0"
"2024-07-06","구리","57","55","2","0","0"
"2024-07-06","군포","71","66","5","0","0"
"2024-07-06","권선","85","77","8","0","0"
"2024-07-06","금천","66","64","2","0","0"
"2024-07-06","기흥","101","97","4","0","0"
"2024-07-06","김포","106","102","4","0","0"
"2024-07-06","남양주","79","76","3","0","0"
"2024-07-06","노원","163","155","7","0","1"
"2024-07-06","덕양","93","89","4","0","0"
"2024-07-06","도봉","105","97","8","0","0"
"2024-07-06","동대문","166","159","7","0","0"
"2024-07-06","동안","99","93","6","0","0"
"2024-07-06","동작","159","149","10","0","0"
"2024-07-06","마포","168","154","12","0","2"
"2024-07-06","만안","62","56","6","0","0"
"2024-07-06","부천","237","223","12","0","2"
"2024-07-06","부평","121","114","7","0","0"
"2024-07-06","분당","106","100","6","0","0"
"2024-07-06","서대문","141","131","10","0","0"
"2024-07-06","서초","127","109","18","0","0"
"2024-07-06","성남","29","27","2","0","0"
"2024-07-06","성동","104","96","8","0","0"
"2024-07-06","성북","150","144","6","0","0"
"2024-07-06","송파","227","210","17","0","0"
"2024-07-06","수정","64","61","3","0","0"
"2024-07-06","수지","123","113","10","0","0"
"2024-07-06","양천","132","125","7","0","0"
"2024-07-06","영등포","185","172","13","0","0"
"2024-07-06","영통","134","126","8","0","0"
"2024-07-06","용산","90","81","9","0","0"
"2024-07-06","은평","149","142","7","0","0"
"2024-07-06","의정부","118","113","5","0","0"
"2024-07-06","일산동구","89","88","1","0","0"
"2024-07-06","일산서구","90","86","4","0","0"
"2024-07-06","장안","94","88","6","0","0"
"2024-07-06","종로","57","52","5","0","0"
"2024-07-06","중구","61","54","7","0","0"
"2024-07-06","중랑","140","131","9","0","0"
"2024-07-06","중원","64","62","1","0","1"
"2024-07-06","팔달","48","44","4","0","0"
"2024-07-06","하남","79","76","3","0","0"
"2024-07-06","화성","167","157","10","0","0"
"2024-07-07","강남","163","163","0","0","0"
"2024-07-07","강동","172","172","0","0","0"
"2024-07-07","강북","81","81","0","0","0"
"2024-07-07","강서","202","202","0","0","0"
"2024-07-07","계양","84","84","0","0","0"
"2024-07-07","관악","271","271","0","0","0"
"2024-07-07","광명","102","102","0","0","0"
"2024-07-07","광진","157","157","0","0","0"
"2024-07-07","구로","121","121","0","0","0"
"2024-07-07","구리","82","82","0","0","0"
"2024-07-07","군포","118","118","0","0","0"
"2024-07-07","권선","117","117","0","0","0"
"2024-07-07","금천","89","89","0","0","0"
"2024-07-07","기흥","138","138","0","0","0"
"2024-07-07","김포","165","165","0","0","0"
"2024-07-07","남양주","80","80","0","0","0"
"2024-07-07","노원","173","173","0","0","0"
"2024-07-07","덕양","128","128","0","0","0"
"2024-07-07","도봉","91","91","0","0","0"
"2024-07-07","동대문","170","170","0","0","0"
"2024-07-07","동안","127","127","0","0","0"
"2024-07-07","동작","180","180","0","0","0"
"2024-07-07","마포","156","156","0","0","0"
"2024-07-07","만안","83","83","0","0","0"
"2024-07-07","부천","278","278","0","0","0"
"2024-07-07","부평","192","192","0","0","0"
"2024-07-07","분당","192","192","0","0","0"
"2024-07-07","서대문","146","146","0","0","0"
"2024-07-07","서초","131","131","0","0","0"
"2024-07-07","성남","26","26","0","0","0"
"2024-07-07","성동","104","104","0","0","0"
"2024-07-07","성북","145","145","0","0","0"
"2024-07-07","송파","220","220","0","0","0"
"2024-07-07","수정","94","94","0","0","0"
"2024-07-07","수지","113","113","0","0","0"
"2024-07-07","양천","133","133","0","0","0"
"2024-07-07","영등포","176","176","0","0","0"
"2024-07-07","영통","199","199","0","0","0"
"2024-07-07","용산","66","66","0","0","0"
"2024-07-07","은평","156","156","0","0","0"
"2024-07-07","의정부","160","160","0","0","0"
"2024-07-07","일산동구","120","120","0","0","0"
"2024-07-07","일산서구","116","116","0","0","0"
"2024-07-07","장안","102","102","0","0","0"
"2024-07-07","종로","54","54","0","0","0"
"2024-07-07","중구","58","58","0","0","0"
"2024-07-07","중랑","125","125","0","0","0"
"2024-07-07","중원","63","63","0","0","0"
"2024-07-07","팔달","80","79","1","0","0"
"2024-07-07","하남","129","129","0","0","0"
"2024-07-07","화성","225","225","0","0","0"
"2024-07-08","강남","360","167","78","0","115"
"2024-07-08","강동","258","143","53","0","62"
"2024-07-08","강북","150","99","22","0","29"
"2024-07-08","강서","386","234","66","0","86"
"2024-07-08","계양","117","75","10","0","32"
"2024-07-08","관악","389","257","70","0","62"
"2024-07-08","광명","146","82","28","0","36"
"2024-07-08","광진","239","155","34","0","50"
"2024-07-08","구로","242","139","39","0","64"
"2024-07-08","구리","97","48","19","0","30"
"2024-07-08","군포","92","51","16","0","25"
"2024-07-08","권선","164","91","29","0","44"
"2024-07-08","금천","168","110","30","0","28"
"2024-07-08","기흥","215","97","45","0","73"
"2024-07-08","김포","167","78","31","0","58"
"2024-07-08","남양주","132","59","31","0","42"
"2024-07-08","노원","239","132","50","0","57"
"2024-07-08","덕양","158","79","35","0","44"
"2024-07-08","도봉","153","92","20","0","41"
"2024-07-08","동대문","264","180","40","0","44"
"2024-07-08","동안","164","91","33","0","40"
"2024-07-08","동작","287","186","47","0","54"
"2024-07-08","마포","316","192","58","0","66"
"2024-07-08","만안","98","59","23","0","16"
"2024-07-08","부천","343","205","57","0","81"
"2024-07-08","부평","216","135","32","0","49"
"2024-07-08","분당","229","108","55","0","66"
"2024-07-08","서대문","208","127","49","0","32"
"2024-07-08","서초","240","117","64","0","59"
"2024-07-08","성남","51","24","9","0","18"
"2024-07-08","성동","189","116","39","0","34"
"2024-07-08","성북","282","174","47","0","61"
"2024-07-08","송파","392","214","77","0","101"
"2024-07-08","수정","94","58","19","0","17"
"2024-07-08","수지","228","109","33","0","86"
"2024-07-08","양천","200","105","43","0","52"
"2024-07-08","영등포","312","184","56","0","72"
"2024-07-08","영통","244","128","44","0","72"
"2024-07-08","용산","125","77","23","0","25"
"2024-07-08","은평","257","163","43","0","51"
"2024-07-08","의정부","183","112","30","0","41"
"2024-07-08","일산동구","140","70","24","0","46"
"2024-07-08","일산서구","120","64","21","0","35"
"2024-07-08","장안","147","79","32","0","36"
"2024-07-08","종로","100","56","15","0","29"
"2024-07-08","중구","108","48","32","0","28"
"2024-07-08","중랑","222","135","45","0","42"
"2024-07-08","중원","89","50","16","0","23"
"2024-07-08","팔달","109","57","26","0","26"
"2024-07-08","하남","158","88","36","0","34"
"2024-07-08","화성","305","160","58","0","87"
"2024-07-09","강남","379","254","45","0","80"
"2024-07-09","강동","308","230","30","0","48"
"2024-07-09","강북","146","115","13","0","18"
"2024-07-09","강서","434","329","35","0","70"
"2024-07-09","계양","138","96","17","0","25"
"2024-07-09","관악","410","339","27","0","44"
"2024-07-09","광명","152","104","12","0","36"
"2024-07-09","광진","270","204","28","0","38"
"2024-07-09","구로","217","156","23","0","38"
"2024-07-09","구리","100","79","5","0","16"
"2024-07-09","군포","130","96","5","0","29"
"2024-07-09","권선","201","149","17","0","35"
"2024-07-09","금천","171","128","18","0","25"
"2024-07-09","기흥","227","157","19","0","51"
"2024-07-09","김포","205","125","18","0","62"
"2024-07-09","남양주","151","108","13","0","30"
"2024-07-09","노원","261","190","20","0","51"
"2024-07-09","덕양","190","137","16","0","37"
"2024-07-09","도봉","177","133","15","0","29"
"2024-07-09","동대문","265","207","23","0","35"
"2024-07-09","동안","202","149","18","0","35"
"2024-07-09","동작","314","248","25","0","41"
"2024-07-09","마포","289","214","24","0","51"
"2024-07-09","만안","105","74","13","0","18"
"2024-07-09","부천","430","322","27","0","81"
"2024-07-09","부평","256","192","11","0","53"
"2024-07-09","분당","281","194","31","0","56"
"2024-07-09","서대문","208","161","15","0","32"
"2024-07-09","서초","256","174","23","0","59"
"2024-07-09","성남","53","33","6","0","14"
"2024-07-09","성동","181","125","13","0","43"
"2024-07-09","성북","281","214","23","0","44"
"2024-07-09","송파","448","324","37","0","87"
"2024-07-09","수정","133","109","8","0","16"
"2024-07-09","수지","210","141","19","0","50"
"2024-07-09","양천","213","138","24","0","51"
"2024-07-09","영등포","334","266","22","0","46"
"2024-07-09","영통","285","202","25","0","58"
"2024-07-09","용산","160","119","10","0","31"
"2024-07-09","은평","253","190","11","0","52"
"2024-07-09","의정부","232","179","9","0","44"
"2024-07-09","일산동구","167","116","15","0","36"
"2024-07-09","일산서구","150","103","10","0","37"
"2024-07-09","장안","175","135","10","0","30"
"2024-07-09","종로","87","68","7","0","12"
"2024-07-09","중구","128","90","24","0","14"
"2024-07-09","중랑","227","188","17","0","22"
"2024-07-09","중원","123","90","9","0","24"
"2024-07-09","팔달","115","93","7","0","15"
"2024-07-09","하남","200","154","14","0","32"
"2024-07-09","화성","336","226","26","0","84"
"2024-07-10","강남","341","252","31","0","58"
"2024-07-10","강동","263","181","30","0","52"
"2024-07-10","강북","129","102","9","0","18"
"2024-07-10","강서","424","326","29","0","69"
"2024-07-10","계양","107","71","11","0","25"
"2024-07-10","관악","457","373","35","0","49"
"2024-07-10","광명","120","74","19","0","27"
"2024-07-10","광진","271","215","16","0","40"
"2024-07-10","구로","223","155","23","0","45"
"2024-07-10","구리","80","65","6","0","9"
"2024-07-10","군포","109","83","5","0","21"
"2024-07-10","권선","167","116","19","0","32"
"2024-07-10","금천","150","121","7","0","22"
"2024-07-10","기흥","199","130","18","0","51"
"2024-07-10","김포","193","111","20","0","62"
"2024-07-10","남양주","145","101","9","0","35"
"2024-07-10","노원","239","171","20","0","48"
"2024-07-10","덕양","156","109","17","0","30"
"2024-07-10","도봉","128","91","9","0","28"
"2024-07-10","동대문","257","207","15","0","35"
"2024-07-10","동안","166","119","16","0","31"
"2024-07-10","동작","285","213","23","0","49"
"2024-07-10","마포","259","210","13","0","36"
"2024-07-10","만안","107","69","11","0","27"
"2024-07-10","부천","342","246","20","0","76"
"2024-07-10","부평","228","174","27","0","27"
"2024-07-10","분당","208","134","26","0","48"
"2024-07-10","서대문","217","159","24","0","34"
"2024-07-10","서초","202","136","22","0","44"
"2024-07-10","성남","46","33","3","0","10"
"2024-07-10","성동","169","134","14","0","21"
"2024-07-10","성북","264","205","31","0","28"
"2024-07-10","송파","410","283","51","0","76"
"2024-07-10","수정","93","70","9","0","14"
"2024-07-10","수지","174","104","23","0","47"
"2024-07-10","양천","234","161","22","0","51"
"2024-07-10","영등포","273","210","29","0","34"
"2024-07-10","영통","228","161","24","0","43"
"2024-07-10","용산","120","88","13","0","19"
"2024-07-10","은평","270","207","24","0","39"
"2024-07-10","의정부","207","151","16","0","40"
"2024-07-10","일산동구","155","114","10","0","31"
"2024-07-10","일산서구","143","116","8","0","19"
"2024-07-10","장안","115","76","14","0","25"
"2024-07-10","종로","91","64","10","0","17"
"2024-07-10","중구","109","71","18","0","20"
"2024-07-10","중랑","232","190","11","0","31"
"2024-07-10","중원","97","59","8","0","30"
"2024-07-10","팔달","120","85","16","0","19"
"2024-07-10","하남","154","117","14","0","23"
"2024-07-10","화성","273","178","26","0","69"
"2024-07-11","강남","356","263","40","0","53"
"2024-07-11","강동","271","212","26","0","33"
"2024-07-11","강북","159","133","13","0","13"
"2024-07-11","강서","408","345","27","0","36"
"2024-07-11","계양","127","100","11","0","16"
"2024-07-11","관악","435","370","26","0","39"
"2024-07-11","광명","155","121","13","0","21"
"2024-07-11","광진","277","227","16","0","34"
"2024-07-11","구로","237","201","14","0","22"
"2024-07-11","구리","103","89","5","0","9"
"2024-07-11","군포","116","94","10","0","12"
"2024-07-11","권선","204","167","17","0","20"
"2024-07-11","금천","165","149","11","0","5"
"2024-07-11","기흥","213","164","15","0","34"
"2024-07-11","김포","159","109","11","0","39"
"2024-07-11","남양주","162","118","14","0","30"
"2024-07-11","노원","297","244","22","0","31"
"2024-07-11","덕양","172","131","16","0","25"
"2024-07-11","도봉","136","103","19","0","14"
"2024-07-11","동대문","260","223","20","0","17"
"2024-07-11","동안","179","141","16","0","22"
"2024-07-11","동작","297","245","20","0","32"
"2024-07-11","마포","285","221","29","0","35"
"2024-07-11","만안","98","66","18","0","14"
"2024-07-11","부천","389","324","23","0","42"
"2024-07-11","부평","211","170","13","0","28"
"2024-07-11","분당","223","164","35","0","24"
"2024-07-11","서대문","228","203","13","0","12"
"2024-07-11","서초","237","175","33","0","29"
"2024-07-11","성남","39","33","2","0","4"
"2024-07-11","성동","167","129","24","0","14"
"2024-07-11","성북","308","246","32","0","30"
"2024-07-11","송파","413","316","49","0","48"
"2024-07-11","수정","124","109","4","0","11"
"2024-07-11","수지","165","114","15","0","36"
"2024-07-11","양천","215","160","25","0","30"
"2024-07-11","영등포","319","265","30","0","24"
"2024-07-11","영통","246","196","23","0","27"
"2024-07-11","용산","127","99","15","0","13"
"2024-07-11","은평","305","259","21","0","25"
"2024-07-11","의정부","237","192","17","0","28"
"2024-07-11","일산동구","132","103","12","0","17"
"2024-07-11","일산서구","163","124","11","0","28"
"2024-07-11","장안","113","84","11","0","18"
"2024-07-11","종로","115","82","15","0","18"
"2024-07-11","중구","112","82","17","0","13"
"2024-07-11","중랑","220","191","18","0","11"
"2024-07-11","중원","105","85","7","0","13"
"2024-07-11","팔달","124","103","8","0","13"
"2024-07-11","하남","149","114","16","0","19"
"2024-07-11","화성","289","224","20","0","45"
"2024-07-12","강남","377","254","52","0","71"
"2024-07-12","강동","245","178","23","0","44"
"2024-07-12","강북","136","105","9","0","22"
"2024-07-12","강서","431","342","35","0","54"
"2024-07-12","계양","109","74","9","0","26"
"2024-07-12","관악","468","387","22","0","59"
"2024-07-12","광명","130","89","15","0","26"
"2024-07-12","광진","295","240","22","0","33"
"2024-07-12","구로","208","162","13","0","33"
"2024-07-12","구리","99","66","11","0","22"
"2024-07-12","군포","114","78","8","0","28"
"2024-07-12","권선","222","143","19","0","60"
"2024-07-12","금천","180","142","16","0","22"
"2024-07-12","기흥","188","121","15","0","52"
"2024-07-12","김포","182","119","15","0","48"
"2024-07-12","남양주","136","96","14","0","26"
"2024-07-12","노원","286","226","15","0","45"
"2024-07-12","덕양","170","124","9","0","37"
"2024-07-12","도봉","180","141","18","0","21"
"2024-07-12","동대문","261","207","23","0","31"
"2024-07-12","동안","162","114","15","0","33"
"2024-07-12","동작","291","226","27","0","38"
"2024-07-12","마포","290","216","22","0","52"
"2024-07-12","만안","93","64","8","0","21"
"2024-07-12","부천","408","312","29","0","67"
"2024-07-12","부평","241","171","21","0","49"
"2024-07-12","분당","235","159","19","0","57"
"2024-07-12","서대문","221","186","15","0","20"
"2024-07-12","서초","236","151","31","0","54"
"2024-07-12","성남","39","26","2","0","11"
"2024-07-12","성동","202","144","14","0","44"
"2024-07-12","성북","276","218","20","0","38"
"2024-07-12","송파","459","338","34","0","87"
"2024-07-12","수정","119","91","9","0","19"
"2024-07-12","수지","218","144","21","0","53"
"2024-07-12","양천","240","173","22","0","45"
"2024-07-12","영등포","308","235","25","0","48"
"2024-07-12","영통","249","170","19","0","60"
"2024-07-12","용산","134","100","10","0","24"
"2024-07-12","은평","240","190","18","0","32"
"2024-07-12","의정부","246","188","19","0","39"
"2024-07-12","일산동구","131","90","11","0","30"
"2024-07-12","일산서구","166","107","18","0","41"
"2024-07-12","장안","148","123","5","0","20"
"2024-07-12","종로","95","70","10","0","15"
"2024-07-12","중구","109","68","20","0","21"
"2024-07-12","중랑","259","199","20","0","40"
"2024-07-12","중원","119","101","5","0","13"
"2024-07-12","팔달","133","105","7","0","21"
"2024-07-12","하남","179","126","15","0","38"
"2024-07-12","화성","286","172","28","0","86"
"2024-07-13","강남","174","148","26","0","0"
"2024-07-13","강동","160","149","11","0","0"
"2024-07-13","강북","89","79","10","0","0"
"2024-07-13","강서","253","235","18","0","0"
"2024-07-13","계양","68","63","5","0","0"
"2024-07-13","관악","268","255","12","0","1"
"2024-07-13","광명","77","73","4","0","0"
"2024-07-13","광진","140","131","9","0","0"
"2024-07-13","구로","118","111","7","0","0"
"2024-07-13","구리","53","53","0","0","0"
"2024-07-13","군포","61","58","3","0","0"
"2024-07-13","권선","90","85","5","0","0"
"2024-07-13","금천","88","85","3","0","0"
"2024-07-13","기흥","109","106","3","0","0"
"2024-07-13","김포","74","69","5","0","0"
"2024-07-13","남양주","53","52","1","0","0"
"2024-07-13","노원","151","143","8","0","0"
"2024-07-13","덕양","80","75","5","0","0"
"2024-07-13","도봉","107","100","7","0","0"
"2024-07-13","동대문","158","149","9","0","0"
"2024-07-13","동안","119","116","3","0","0"
"2024-07-13","동작","168","159","9","0","0"
"2024-07-13","마포","182","163","18","0","1"
"2024-07-13","만안","49","45","4","0","0"
"2024-07-13","부천","185","176","9","0","0"
"2024-07-13","부평","128","115","13","0","0"
"2024-07-13","분당","140","135","5","0","0"
"2024-07-13","서대문","110","101","8","0","1"
"2024-07-13","서초","134","128","6","0","0"
"2024-07-13","성남","27","22","5","0","0"
"2024-07-13","성동","132","120","12","0","0"
"2024-07-13","성북","131","122","9","0","0"
"2024-07-13","송파","225","206","19","0","0"
"2024-07-13","수정","59","56","3","0","0"
"2024-07-13","수지","84","80","4","0","0"
"2024-07-13","양천","117","106","11","0","0"
"2024-07-13","영등포","174","158","16","0","0"
"2024-07-13","영통","137","128","9","0","0"
"2024-07-13","용산","87","80","7","0","0"
"2024-07-13","은평","157","142","15","0","0"
"2024-07-13","의정부","124","122","2","0","0"
"2024-07-13","일산동구","79","79","0","0","0"
"2024-07-13","일산서구","92","90","2","0","0"
"2024-07-13","장안","67","61","6","0","0"
"2024-07-13","종로","51","50","1","0","0"
"2024-07-13","중구","54","46","8","0","0"
"2024-07-13","중랑","142","128","14","0","0"
"2024-07-13","중원","62","58","4","0","0"
"2024-07-13","팔달","64","58","6","0","0"
"2024-07-13","하남","75","73","2","0","0"
"2024-07-13","화성","147","140","7","0","0"
"2024-07-14","강남","158","158","0","0","0"
"2024-07-14","강동","105","105","0","0","0"
"2024-07-14","강북","87","87","0","0","0"
"2024-07-14","강서","224","224","0","0","0"
"2024-07-14","계양","89","89","0","0","0"
"2024-07-14","관악","247","247","0","0","0"
"2024-07-14","광명","80","80","0","0","0"
"2024-07-14","광진","158","158","0","0","0"
"2024-07-14","구로","107","107","0","0","0"
"2024-07-14","구리","74","74","0","0","0"
"2024-07-14","군포","95","95","0","0","0"
"2024-07-14","권선","135","135","0","0","0"
"2024-07-14","금천","88","88","0","0","0"
"2024-07-14","기흥","132","132","0","0","0"
"2024-07-14","김포","107","107","0","0","0"
"2024-07-14","남양주","108","108","0","0","0"
"2024-07-14","노원","134","134","0","0","0"
"2024-07-14","덕양","144","144","0","0","0"
"2024-07-14","도봉","73","73","0","0","0"
"2024-07-14","동대문","137","137","0","0","0"
"2024-07-14","동안","128","128","0","0","0"
"2024-07-14","동작","175","175","0","0","0"
"2024-07-14","마포","174","174","0","0","0"
"2024-07-14","만안","51","51","0","0","0"
"2024-07-14","부천","256","256","0","0","0"
"2024-07-14","부평","182","182","0","0","0"
"2024-07-14","분당","170","170","0","0","0"
"2024-07-14","서대문","130","130","0","0","0"
"2024-07-14","서초","119","119","0","0","0"
"2024-07-14","성남","40","40","0","0","0"
"2024-07-14","성동","113","113","0","0","0"
"2024-07-14","성북","126","126","0","0","0"
"2024-07-14","송파","197","197","0","0","0"
"2024-07-14","수정","76","76","0","0","0"
"2024-07-14","수지","130","129","1","0","0"
"2024-07-14","양천","118","118","0","0","0"
"2024-07-14","영등포","191","191","0","0","0"
"2024-07-14","영통","158","158","0","0","0"
"2024-07-14","용산","70","70","0","0","0"
"2024-07-14","은평","129","129","0","0","0"
"2024-07-14","의정부","169","169","0","0","0"
"2024-07-14","일산동구","112","112","0","0","0"
"2024-07-14","일산서구","90","90","0","0","0"
"2024-07-14","장안","96","96","0","0","0"
"2024-07-14","종로","54","54","0","0","0"
"2024-07-14","중구","44","44","0","0","0"
"2024-07-14","중랑","131","131","0","0","0"
"2024-07-14","중원","72","72","0","0","0"
"2024-07-14","팔달","66","66","0","0","0"
"2024-07-14","하남","100","100","0","0","0"
"2024-07-14","화성","214","214","0","0","0"
"2024-07-15","강남","309","166","88","0","55"
"2024-07-15","강동","262","159","52","0","51"
"2024-07-15","강북","128","76","33","0","19"
"2024-07-15","강서","316","180","56","0","80"
"2024-07-15","계양","93","49","28","0","16"
"2024-07-15","관악","335","232","56","0","47"
"2024-07-15","광명","110","57","28","0","25"
"2024-07-15","광진","218","139","43","0","36"
"2024-07-15","구로","191","119","34","0","38"
"2024-07-15","구리","89","51","16","0","22"
"2024-07-15","군포","84","54","15","0","15"
"2024-07-15","권선","153","89","32","0","32"
"2024-07-15","금천","125","82","24","0","19"
"2024-07-15","기흥","183","90","44","0","49"
"2024-07-15","김포","179","101","45","0","33"
"2024-07-15","남양주","106","76","14","0","16"
"2024-07-15","노원","224","133","42","0","49"
"2024-07-15","덕양","135","90","19","0","26"
"2024-07-15","도봉","132","80","24","0","28"
"2024-07-15","동대문","199","132","45","0","22"
"2024-07-15","동안","140","67","41","0","32"
"2024-07-15","동작","237","156","36","0","45"
"2024-07-15","마포","237","155","40","0","42"
"2024-07-15","만안","87","42","33","0","12"
"2024-07-15","부천","297","176","48","0","73"
"2024-07-15","부평","194","108","42","0","44"
"2024-07-15","분당","203","110","53","0","40"
"2024-07-15","서대문","150","83","42","0","25"
"2024-07-15","서초","237","123","65","0","49"
"2024-07-15","성남","40","16","9","0","15"
"2024-07-15","성동","164","99","41","0","24"
"2024-07-15","성북","226","147","45","0","34"
"2024-07-15","송파","326","185","74","0","67"
"2024-07-15","수정","93","64","11","0","18"
"2024-07-15","수지","157","82","38","0","37"
"2024-07-15","양천","174","99","30","0","45"
"2024-07-15","영등포","257","160","61","0","36"
"2024-07-15","영통","200","118","46","0","36"
"2024-07-15","용산","117","64","30","0","23"
"2024-07-15","은평","190","112","39","0","39"
"2024-07-15","의정부","180","118","32","0","30"
"2024-07-15","일산동구","118","70","25","0","23"
"2024-07-15","일산서구","93","56","16","0","21"
"2024-07-15","장안","113","58","27","0","28"
"2024-07-15","종로","102","51","35","0","16"
"2024-07-15","중구","88","50","17","0","21"
"2024-07-15","중랑","205","132","40","0","33"
"2024-07-15","중원","96","56","18","0","22"
"2024-07-15","팔달","88","55","23","0","10"
"2024-07-15","하남","151","81","41","0","29"
"2024-07-15","화성","280","150","55","0","75"
"2024-07-16","강남","365","257","32","0","76"
"2024-07-16","강동","269","177","24","0","68"
"2024-07-16","강북","152","116","11","0","25"
"2024-07-16","강서","407","295","32","0","80"
"2024-07-16","계양","128","97","8","0","23"
"2024-07-16","관악","468","382","36","0","50"
"2024-07-16","광명","150","101","14","0","35"
"2024-07-16","광진","256","198","14","0","44"
"2024-07-16","구로","252","174","24","0","54"
"2024-07-16","구리","98","71","8","0","19"
"2024-07-16","군포","125","79","14","0","32"
"2024-07-16","권선","215","154","20","0","41"
"2024-07-16","금천","147","105","18","0","24"
"2024-07-16","기흥","238","153","23","0","62"
"2024-07-16","김포","241","147","25","0","69"
"2024-07-16","남양주","152","99","9","0","44"
"2024-07-16","노원","271","188","20","0","63"
"2024-07-16","덕양","216","164","11","0","41"
"2024-07-16","도봉","169","124","9","0","36"
"2024-07-16","동대문","218","157","21","0","40"
"2024-07-16","동안","168","118","20","0","30"
"2024-07-16","동작","264","191","23","0","50"
"2024-07-16","마포","297","230","24","0","43"
"2024-07-16","만안","109","72","10","0","27"
"2024-07-16","부천","409","304","26","0","79"
"2024-07-16","부평","278","205","17","0","56"
"2024-07-16","분당","283","178","34","0","71"
"2024-07-16","서대문","204","147","17","0","40"
"2024-07-16","서초","227","145","24","0","58"
"2024-07-16","성남","44","23","4","0","17"
"2024-07-16","성동","177","128","20","0","29"
"2024-07-16","성북","267","201","15","0","51"
"2024-07-16","송파","410","293","33","0","84"
"2024-07-16","수정","108","86","2","0","20"
"2024-07-16","수지","193","131","16","0","46"
"2024-07-16","양천","199","133","14","0","52"
"2024-07-16","영등포","320","248","17","0","55"
"2024-07-16","영통","264","173","21","0","70"
"2024-07-16","용산","135","91","15","0","29"
"2024-07-16","은평","283","218","21","0","44"
"2024-07-16","의정부","231","165","22","0","44"
"2024-07-16","일산동구","155","110","10","0","35"
"2024-07-16","일산서구","146","100","13","0","33"
"2024-07-16","장안","137","101","9","0","27"
"2024-07-16","종로","94","68","10","0","16"
"2024-07-16","중구","106","70","16","0","20"
"2024-07-16","중랑","246","182","21","0","43"
"2024-07-16","중원","117","93","5","0","19"
"2024-07-16","팔달","107","85","6","0","16"
"2024-07-16","하남","183","139","10","0","34"
"2024-07-16","화성","377","245","27","0","105"
"2024-07-17","강남","349","232","26","0","91"
"2024-07-17","강동","257","182","13","0","62"
"2024-07-17","강북","183","136","15","0","32"
"2024-07-17","강서","425","330","28","0","67"
"2024-07-17","계양","130","98","11","0","21"
"2024-07-17","관악","420","326","30","0","64"
"2024-07-17","광명","125","78","15","0","32"
"2024-07-17","광진","261","208","16","0","37"
"2024-07-17","구로","230","180","17","0","33"
"2024-07-17","구리","116","91","5","0","20"
"2024-07-17","군포","119","86","9","0","24"
"2024-07-17","권선","195","139","15","0","41"
"2024-07-17","금천","162","136","9","0","17"
"2024-07-17","기흥","223","148","22","0","53"
"2024-07-17","김포","186","130","11","0","45"
"2024-07-17","남양주","124","80","12","0","32"
"2024-07-17","노원","293","239","11","0","43"
"2024-07-17","덕양","149","113","5","0","31"
"2024-07-17","도봉","158","117","6","0","35"
"2024-07-17","동대문","282","234","15","0","33"
"2024-07-17","동안","176","118","11","0","47"
"2024-07-17","동작","278","224","16","0","38"
"2024-07-17","마포","279","220","16","0","43"
"2024-07-17","만안","99","71","11","0","17"
"2024-07-17","부천","389","284","32","0","73"
"2024-07-17","부평","230","173","19","0","38"
"2024-07-17","분당","223","148","24","0","51"
"2024-07-17","서대문","234","192","21","0","21"
"2024-07-17","서초","257","176","21","0","60"
"2024-07-17","성남","43","27","6","0","10"
"2024-07-17","성동","170","124","17","0","29"
"2024-07-17","성북","270","203","13","0","54"
"2024-07-17","송파","435","318","34","0","83"
"2024-07-17","수정","89","59","8","0","22"
"2024-07-17","수지","170","101","11","0","58"
"2024-07-17","양천","191","132","19","0","40"
"2024-07-17","영등포","313","226","19","0","68"
"2024-07-17","영통","252","181","18","0","53"
"2024-07-17","용산","134","102","10","0","22"
"2024-07-17","은평","317","241","28","0","48"
"2024-07-17","의정부","235","188","9","0","38"
"2024-07-17","일산동구","142","102","11","0","29"
"2024-07-17","일산서구","142","103","11","0","28"
"2024-07-17","장안","117","78","10","0","29"
"2024-07-17","종로","100","73","12","0","15"
"2024-07-17","중구","113","82","14","0","17"
"2024-07-17","중랑","232","178","18","0","36"
"2024-07-17","중원","110","76","13","0","21"
"2024-07-17","팔달","117","88","9","0","20"
"2024-07-17","하남","152","112","8","0","32"
"2024-07-17","화성","375","247","32","0","96"
"2024-07-18","강남","358","235","67","0","56"
"2024-07-18","강동","292","217","30","0","45"
"2024-07-18","강북","166","129","18","0","19"
"2024-07-18","강서","441","330","65","0","46"
"2024-07-18","계양","126","92","19","0","15"
"2024-07-18","관악","512","425","49","0","38"
"2024-07-18","광명","162","118","14","0","30"
"2024-07-18","광진","289","245","19","0","25"
"2024-07-18","구로","272","204","31","0","37"
"2024-07-18","구리","102","76","12","0","14"
"2024-07-18","군포","144","102","28","0","14"
"2024-07-18","권선","208","153","38","0","17"
"2024-07-18","금천","179","143","23","0","13"
"2024-07-18","기흥","225","174","22","0","29"
"2024-07-18","김포","180","113","25","0","42"
"2024-07-18","남양주","130","95","16","0","19"
"2024-07-18","노원","264","201","33","0","30"
"2024-07-18","덕양","186","151","16","0","19"
"2024-07-18","도봉","163","125","20","0","18"
"2024-07-18","동대문","269","215","25","0","29"
"2024-07-18","동안","172","113","35","0","24"
"2024-07-18","동작","329","257","34","0","38"
"2024-07-18","마포","299","234","25","0","40"
"2024-07-18","만안","105","66","25","0","14"
"2024-07-18","부천","427","322","46","0","59"
"2024-07-18","부평","264","196","25","0","43"
"2024-07-18","분당","213","151","26","0","36"
"2024-07-18","서대문","239","185","30","0","24"
"2024-07-18","서초","208","141","33","0","34"
"2024-07-18","성남","43","31","5","0","7"
"2024-07-18","성동","179","139","12","0","28"
"2024-07-18","성북","326","251","39","0","36"
"2024-07-18","송파","443","331","62","0","50"
"2024-07-18","수정","116","84","17","0","15"
"2024-07-18","수지","199","133","29","0","37"
"2024-07-18","양천","226","163","37","0","26"
"2024-07-18","영등포","344","261","50","0","33"
"2024-07-18","영통","279","204","33","0","42"
"2024-07-18","용산","121","88","17","0","16"
"2024-07-18","은평","269","214","25","0","30"
"2024-07-18","의정부","239","179","26","0","34"
"2024-07-18","일산동구","170","118","32","0","20"
"2024-07-18","일산서구","151","108","18","0","25"
"2024-07-18","장안","159","110","26","0","23"
"2024-07-18","종로","101","84","8","0","9"
"2024-07-18","중구","126","87","19","0","20"
"2024-07-18","중랑","254","206","29","0","19"
"2024-07-18","중원","129","102","14","0","13"
"2024-07-18","팔달","106","77","17","0","12"
"2024-07-18","하남","182","135","21","0","26"
"2024-07-18","화성","356","234","57","0","65"
"2024-07-19","강남","322","229","66","0","27"
"2024-07-19","강동","271","213","27","0","31"
"2024-07-19","강북","155","126","11","0","18"
"2024-07-19","강서","379","291","49","0","39"
"2024-07-19","계양","91","74","7","0","10"
"2024-07-19","관악","452","386","40","0","26"
"2024-07-19","광명","130","97","18","0","15"
"2024-07-19","광진","237","200","18","0","19"
"2024-07-19","구로","217","170","27","0","20"
"2024-07-19","구리","90","71","13","0","6"
"2024-07-19","군포","88","73","10","0","5"
"2024-07-19","권선","184","142","20","0","22"
"2024-07-19","금천","151","126","11","0","14"
"2024-07-19","기흥","174","123","27","0","24"
"2024-07-19","김포","181","145","18","0","18"
"2024-07-19","남양주","131","93","14","0","24"
"2024-07-19","노원","254","196","29","0","29"
"2024-07-19","덕양","188","145","24","0","19"
"2024-07-19","도봉","154","109","29","0","16"
"2024-07-19","동대문","223","185","23","0","15"
"2024-07-19","동안","170","123","25","0","22"
"2024-07-19","동작","265","215","27","0","23"
"2024-07-19","마포","277","232","22","0","23"
"2024-07-19","만안","94","67","16","0","11"
"2024-07-19","부천","372","277","53","0","42"
"2024-07-19","부평","240","185","33","0","22"
"2024-07-19","분당","228","172","30","0","26"
"2024-07-19","서대문","178","150","17","0","11"
"2024-07-19","서초","230","176","28","0","26"
"2024-07-19","성남","43","31","9","0","3"
"2024-07-19","성동","154","112","26","0","16"
"2024-07-19","성북","261","218","25","0","18"
"2024-07-19","송파","405","306","60","0","39"
"2024-07-19","수정","88","71","12","0","5"
"2024-07-19","수지","149","99","20","0","30"
"2024-07-19","양천","221","179","23","0","19"
"2024-07-19","영등포","290","246","28","0","16"
"2024-07-19","영통","221","181","21","0","19"
"2024-07-19","용산","135","102","17","0","16"
"2024-07-19","은평","243","196","24","0","23"
"2024-07-19","의정부","189","143","20","0","26"
"2024-07-19","일산동구","136","102","18","0","16"
"2024-07-19","일산서구","125","93","12","0","20"
"2024-07-19","장안","114","89","16","0","9"
"2024-07-19","종로","102","80","13","0","9"
"2024-07-19","중구","98","76","15","0","7"
"2024-07-19","중랑","203","163","24","0","16"
"2024-07-19","중원","113","91","8","0","14"
"2024-07-19","팔달","121","104","11","0","6"
"2024-07-19","하남","125","96","19","0","10"
"2024-07-19","화성","256","190","26","0","40"
"2024-07-20","강남","180","162","18","0","0"
"2024-07-20","강동","149","139","10","0","0"
"2024-07-20","강북","91","85","6","0","0"
"2024-07-20","강서","233","217","16","0","0"
"2024-07-20","계양","61","52","9","0","0"
"2024-07-20","관악","290","276","14","0","0"
"2024-07-20","광명","77","75","2","0","0"
"2024-07-20","광진","152","142","10","0","0"
"2024-07-20","구로","125","113","12","0","0"
"2024-07-20","구리","56","53","3","0","0"
"2024-07-20","군포","59","54","5","0","0"
"2024-07-20","권선","98","93","5","0","0"
"2024-07-20","금천","71","66","5","0","0"
"2024-07-20","기흥","101","92","9","0","0"
"2024-07-20","김포","91","84","7","0","0"
"2024-07-20","남양주","85","84","1","0","0"
"2024-07-20","노원","139","131","8","0","0"
"2024-07-20","덕양","98","94","4","0","0"
"2024-07-20","도봉","68","65","3","0","0"
"2024-07-20","동대문","149","144","5","0","0"
"2024-07-20","동안","63","57","6","0","0"
"2024-07-20","동작","157","144","13","0","0"
"2024-07-20","마포","168","152","16","0","0"
"2024-07-20","만안","56","52","4","0","0"
"2024-07-20","부천","192","182","10","0","0"
"2024-07-20","부평","102","97","5","0","0"
"2024-07-20","분당","104","99","5","0","0"
"2024-07-20","서대문","119","110","9","0","0"
"2024-07-20","서초","106","92","14","0","0"
"2024-07-20","성남","12","10","2","0","0"
"2024-07-20","성동","116","103","13","0","0"
"2024-07-20","성북","187","177","10","0","0"
"2024-07-20","송파","202","186","16","0","0"
"2024-07-20","수정","46","45","1","0","0"
"2024-07-20","수지","114","109","5","0","0"
"2024-07-20","양천","131","127","4","0","0"
"2024-07-20","영등포","179","167","12","0","0"
"2024-07-20","영통","103","95","8","0","0"
"2024-07-20","용산","72","66","6","0","0"
"2024-07-20","은평","133","124","9","0","0"
"2024-07-20","의정부","111","104","7","0","0"
"2024-07-20","일산동구","85","81","4","0","0"
"2024-07-20","일산서구","80","72","8","0","0"
"2024-07-20","장안","62","59","3","0","0"
"2024-07-20","종로","60","56","4","0","0"
"2024-07-20","중구","58","52","6","0","0"
"2024-07-20","중랑","119","114","5","0","0"
"2024-07-20","중원","56","54","2","0","0"
"2024-07-20","팔달","49","46","3","0","0"
"2024-07-20","하남","85","76","9","0","0"
"2024-07-20","화성","131","121","10","0","0"
"2024-07-21","강남","167","165","0","0","2"
"2024-07-21","강동","147","147","0","0","0"
"2024-07-21","강북","86","86","0","0","0"
"2024-07-21","강서","212","212","0","0","0"
"2024-07-21","계양","88","88","0","0","0"
"2024-07-21","관악","216","216","0","0","0"
"2024-07-21","광명","93","93","0","0","0"
"2024-07-21","광진","134","134","0","0","0"
"2024-07-21","구로","121","121","0","0","0"
"2024-07-21","구리","80","80","0","0","0"
"2024-07-21","군포","80","80","0","0","0"
"2024-07-21","권선","144","144","0","0","0"
"2024-07-21","금천","96","96","0","0","0"
"2024-07-21","기흥","158","158","0","0","0"
"2024-07-21","김포","128","128","0","0","0"
"2024-07-21","남양주","106","106","0","0","0"
"2024-07-21","노원","124","124","0","0","0"
"2024-07-21","덕양","123","123","0","0","0"
"2024-07-21","도봉","63","63","0","0","0"
"2024-07-21","동대문","145","145","0","0","0"
"2024-07-21","동안","107","107","0","0","0"
"2024-07-21","동작","162","162","0","0","0"
"2024-07-21","마포","148","148","0","0","0"
"2024-07-21","만안","73","73","0","0","0"
"2024-07-21","부천","268","268","0","0","0"
"2024-07-21","부평","179","179","0","0","0"
"2024-07-21","분당","166","166","0","0","0"
"2024-07-21","서대문","110","110","0","0","0"
"2024-07-21","서초","128","128","0","0","0"
"2024-07-21","성남","31","31","0","0","0"
"2024-07-21","성동","92","92","0","0","0"
"2024-07-21","성북","135","135","0","0","0"
"2024-07-21","송파","229","229","0","0","0"
"2024-07-21","수정","68","68","0","0","0"
"2024-07-21","수지","117","117","0","0","0"
"2024-07-21","양천","125","125","0","0","0"
"2024-07-21","영등포","158","158","0","0","0"
"2024-07-21","영통","199","199","0","0","0"
"2024-07-21","용산","62","62","0","0","0"
"2024-07-21","은평","145","145","0","0","0"
"2024-07-21","의정부","155","154","1","0","0"
"2024-07-21","일산동구","106","106","0","0","0"
"2024-07-21","일산서구","100","100","0","0","0"
"2024-07-21","장안","87","87","0","0","0"
"2024-07-21","종로","41","41","0","0","0"
"2024-07-21","중구","52","52","0","0","0"
"2024-07-21","중랑","86","86","0","0","0"
"2024-07-21","중원","62","62","0","0","0"
"2024-07-21","팔달","89","88","1","0","0"
"2024-07-21","하남","113","113","0","0","0"
"2024-07-21","화성","183","183","0","0","0"
"2024-07-22","강남","382","192","81","0","109"
"2024-07-22","강동","262","144","42","0","76"
"2024-07-22","강북","158","80","19","0","59"
"2024-07-22","강서","392","220","60","0","112"
"2024-07-22","계양","115","54","19","0","42"
"2024-07-22","관악","391","259","45","0","87"
"2024-07-22","광명","153","79","34","0","40"
"2024-07-22","광진","208","118","34","0","56"
"2024-07-22","구로","216","112","37","0","67"
"2024-07-22","구리","90","52","11","0","27"
"2024-07-22","군포","115","60","17","0","38"
"2024-07-22","권선","196","101","38","0","57"
"2024-07-22","금천","141","86","24","0","31"
"2024-07-22","기흥","213","97","36","0","80"
"2024-07-22","김포","193","82","34","0","77"
"2024-07-22","남양주","156","67","23","0","66"
"2024-07-22","노원","250","128","49","0","73"
"2024-07-22","덕양","172","81","31","0","60"
"2024-07-22","도봉","154","85","27","0","42"
"2024-07-22","동대문","251","141","48","0","62"
"2024-07-22","동안","158","74","38","0","46"
"2024-07-22","동작","244","132","43","0","69"
"2024-07-22","마포","254","147","42","0","65"
"2024-07-22","만안","103","44","21","0","38"
"2024-07-22","부천","390","194","64","0","132"
"2024-07-22","부평","221","118","31","0","72"
"2024-07-22","분당","218","119","31","0","68"
"2024-07-22","서대문","218","134","39","0","45"
"2024-07-22","서초","209","92","48","0","69"
"2024-07-22","성남","35","13","6","0","16"
"2024-07-22","성동","203","105","44","0","54"
"2024-07-22","성북","229","134","36","0","59"
"2024-07-22","송파","380","187","73","0","120"
"2024-07-22","수정","107","54","20","0","33"
"2024-07-22","수지","180","86","32","0","62"
"2024-07-22","양천","241","127","36","0","78"
"2024-07-22","영등포","330","185","54","0","91"
"2024-07-22","영통","254","130","44","0","80"
"2024-07-22","용산","130","67","22","0","41"
"2024-07-22","은평","251","142","42","0","67"
"2024-07-22","의정부","238","122","35","0","81"
"2024-07-22","일산동구","166","72","30","0","64"
"2024-07-22","일산서구","142","68","27","0","47"
"2024-07-22","장안","150","74","26","0","50"
"2024-07-22","종로","87","44","21","0","22"
"2024-07-22","중구","107","60","23","0","24"
"2024-07-22","중랑","211","119","36","0","56"
"2024-07-22","중원","123","59","22","0","42"
"2024-07-22","팔달","105","53","16","0","36"
"2024-07-22","하남","167","77","31","0","59"
"2024-07-22","화성","316","128","73","0","115"
"2024-07-23","강남","381","234","58","0","89"
"2024-07-23","강동","252","179","18","0","55"
"2024-07-23","강북","128","102","5","0","21"
"2024-07-23","강서","386","302","26","0","58"
"2024-07-23","계양","152","110","12","0","30"
"2024-07-23","관악","447","357","32","0","58"
"2024-07-23","광명","146","99","13","0","34"
"2024-07-23","광진","227","181","18","0","28"
"2024-07-23","구로","232","167","29","0","36"
"2024-07-23","구리","120","96","9","0","15"
"2024-07-23","군포","110","78","16","0","16"
"2024-07-23","권선","203","147","17","0","39"
"2024-07-23","금천","123","92","10","0","21"
"2024-07-23","기흥","237","167","19","0","51"
"2024-07-23","김포","183","133","14","0","36"
"2024-07-23","남양주","144","102","19","0","23"
"2024-07-23","노원","232","167","22","0","43"
"2024-07-23","덕양","205","157","18","0","30"
"2024-07-23","도봉","147","112","11","0","24"
"2024-07-23","동대문","253","203","18","0","32"
"2024-07-23","동안","169","119","14","0","36"
"2024-07-23","동작","274","222","22","0","30"
"2024-07-23","마포","253","172","32","0","49"
"2024-07-23","만안","94","63","3","0","28"
"2024-07-23","부천","371","280","27","0","64"
"2024-07-23","부평","234","176","23","0","35"
"2024-07-23","분당","243","158","36","0","49"
"2024-07-23","서대문","202","154","23","0","25"
"2024-07-23","서초","227","152","28","0","47"
"2024-07-23","성남","28","17","3","0","8"
"2024-07-23","성동","135","102","4","0","29"
"2024-07-23","성북","219","169","20","0","30"
"2024-07-23","송파","387","282","48","0","57"
"2024-07-23","수정","100","76","7","0","17"
"2024-07-23","수지","206","149","16","0","41"
"2024-07-23","양천","209","141","19","0","49"
"2024-07-23","영등포","305","231","30","0","44"
"2024-07-23","영통","257","183","22","0","52"
"2024-07-23","용산","112","82","12","0","18"
"2024-07-23","은평","210","156","17","0","37"
"2024-07-23","의정부","258","195","23","0","40"
"2024-07-23","일산동구","136","97","17","0","22"
"2024-07-23","일산서구","150","112","12","0","26"
"2024-07-23","장안","137","102","12","0","23"
"2024-07-23","종로","106","72","13","0","21"
"2024-07-23","중구","105","69","13","0","23"
"2024-07-23","중랑","213","171","14","0","28"
"2024-07-23","중원","127","100","11","0","16"
"2024-07-23","지역미정-N","1","1","0","0","0"
"2024-07-23","팔달","119","89","11","0","19"
"2024-07-23","하남","178","120","15","0","43"
"2024-07-23","화성","349","233","40","0","76"
"2024-07-24","강남","342","206","46","0","90"
"2024-07-24","강동","276","198","20","0","58"
"2024-07-24","강북","150","98","10","0","42"
"2024-07-24","강서","401","281","31","0","89"
"2024-07-24","계양","124","91","6","0","27"
"2024-07-24","관악","422","341","25","0","56"
"2024-07-24","광명","159","107","11","0","41"
"2024-07-24","광진","234","184","12","0","38"
"2024-07-24","구로","243","164","29","0","50"
"2024-07-24","구리","113","75","7","0","31"
"2024-07-24","군포","120","81","10","0","29"
"2024-07-24","권선","213","152","19","0","42"
"2024-07-24","금천","215","163","14","0","38"
"2024-07-24","기흥","228","148","21","0","59"
"2024-07-24","김포","194","121","13","0","60"
"2024-07-24","남양주","172","112","14","0","46"
"2024-07-24","노원","249","173","21","0","55"
"2024-07-24","덕양","192","140","10","0","42"
"2024-07-24","도봉","153","97","15","0","41"
"2024-07-24","동대문","232","179","11","0","42"
"2024-07-24","동안","183","119","16","0","48"
"2024-07-24","동작","266","191","17","0","58"
"2024-07-24","마포","262","182","21","0","59"
"2024-07-24","만안","96","62","7","0","27"
"2024-07-24","부천","426","274","33","0","119"
"2024-07-24","부평","232","159","20","0","53"
"2024-07-24","분당","250","161","22","0","67"
"2024-07-24","서대문","198","144","17","0","37"
"2024-07-24","서초","215","137","19","0","59"
"2024-07-24","성남","43","25","8","0","10"
"2024-07-24","성동","175","114","19","0","42"
"2024-07-24","성북","246","177","26","0","43"
"2024-07-24","송파","444","306","37","0","101"
"2024-07-24","수정","107","74","8","0","25"
"2024-07-24","수지","212","137","14","0","61"
"2024-07-24","양천","224","142","21","0","61"
"2024-07-24","영등포","311","214","26","0","71"
"2024-07-24","영통","263","180","15","0","68"
"2024-07-24","용산","123","94","13","0","16"
"2024-07-24","은평","234","174","17","0","43"
"2024-07-24","의정부","248","165","16","0","67"
"2024-07-24","일산동구","146","87","12","0","47"
"2024-07-24","일산서구","167","111","10","0","46"
"2024-07-24","장안","154","94","16","0","44"
"2024-07-24","종로","71","45","9","0","17"
"2024-07-24","중구","116","76","15","0","25"
"2024-07-24","중랑","206","159","15","0","32"
"2024-07-24","중원","112","78","8","0","26"
"2024-07-24","팔달","125","94","5","0","26"
"2024-07-24","하남","165","106","16","0","43"
"2024-07-24","화성","369","204","51","0","114"
"2024-07-25","강남","320","225","28","0","67"
"2024-07-25","강동","294","224","16","0","54"
"2024-07-25","강북","172","129","14","0","29"
"2024-07-25","강서","430","331","27","0","72"
"2024-07-25","계양","124","91","9","0","24"
"2024-07-25","관악","460","380","34","0","46"
"2024-07-25","광명","163","107","16","0","40"
"2024-07-25","광진","310","251","18","0","41"
"2024-07-25","구로","251","188","21","0","42"
"2024-07-25","구리","94","73","5","0","16"
"2024-07-25","군포","131","105","6","0","20"
"2024-07-25","권선","216","147","23","0","46"
"2024-07-25","금천","188","155","10","0","23"
"2024-07-25","기흥","246","170","22","0","54"
"2024-07-25","김포","205","142","10","0","53"
"2024-07-25","남양주","196","135","20","0","41"
"2024-07-25","노원","267","190","13","0","64"
"2024-07-25","덕양","193","145","12","0","36"
"2024-07-25","도봉","192","144","16","0","32"
"2024-07-25","동대문","273","212","15","0","46"
"2024-07-25","동안","162","124","10","0","28"
"2024-07-25","동작","279","213","20","0","46"
"2024-07-25","마포","300","221","26","0","53"
"2024-07-25","만안","139","96","11","0","32"
"2024-07-25","부천","464","332","38","0","94"
"2024-07-25","부평","278","190","21","0","67"
"2024-07-25","분당","232","172","15","0","45"
"2024-07-25","서대문","222","175","18","0","29"
"2024-07-25","서초","255","176","24","0","55"
"2024-07-25","성남","67","46","7","0","14"
"2024-07-25","성동","198","149","15","0","34"
"2024-07-25","성북","270","214","16","0","40"
"2024-07-25","송파","479","339","42","0","98"
"2024-07-25","수정","122","97","6","0","19"
"2024-07-25","수지","208","148","15","0","45"
"2024-07-25","양천","207","143","19","0","45"
"2024-07-25","영등포","320","241","21","0","58"
"2024-07-25","영통","288","216","23","0","49"
"2024-07-25","용산","122","90","9","0","23"
"2024-07-25","은평","277","216","21","0","40"
"2024-07-25","의정부","277","197","14","0","66"
"2024-07-25","일산동구","139","100","11","0","28"
"2024-07-25","일산서구","148","94","18","0","36"
"2024-07-25","장안","165","107","14","0","44"
"2024-07-25","종로","80","59","8","0","13"
"2024-07-25","중구","98","70","11","0","17"
"2024-07-25","중랑","253","192","22","0","39"
"2024-07-25","중원","106","87","7","0","12"
"2024-07-25","팔달","150","104","15","0","31"
"2024-07-25","하남","190","140","14","0","36"
"2024-07-25","화성","350","231","29","0","90"
"2024-07-26","강남","371","272","40","0","59"
"2024-07-26","강동","277","223","21","0","33"
"2024-07-26","강북","146","113","13","0","20"
"2024-07-26","강서","445","350","36","0","59"
"2024-07-26","계양","135","100","8","0","27"
"2024-07-26","관악","437","363","38","0","36"
"2024-07-26","광명","134","103","14","0","17"
"2024-07-26","광진","296","248","25","0","23"
"2024-07-26","구로","217","161","21","0","35"
"2024-07-26","구리","121","87","13","0","21"
"2024-07-26","군포","133","108","11","0","14"
"2024-07-26","권선","209","160","15","0","34"
"2024-07-26","금천","184","144","19","0","21"
"2024-07-26","기흥","225","165","27","0","33"
"2024-07-26","김포","197","137","19","0","41"
"2024-07-26","남양주","146","106","14","0","26"
"2024-07-26","노원","260","215","20","0","25"
"2024-07-26","덕양","189","142","19","0","28"
"2024-07-26","도봉","175","145","17","0","13"
"2024-07-26","동대문","228","195","19","0","14"
"2024-07-26","동안","163","117","18","0","28"
"2024-07-26","동작","273","227","23","0","23"
"2024-07-26","마포","268","217","24","0","27"
"2024-07-26","만안","97","73","9","0","15"
"2024-07-26","부천","426","334","27","0","65"
"2024-07-26","부평","235","169","24","0","42"
"2024-07-26","분당","218","161","14","0","43"
"2024-07-26","서대문","197","163","15","0","19"
"2024-07-26","서초","227","165","25","0","37"
"2024-07-26","성남","28","18","2","0","8"
"2024-07-26","성동","189","145","21","0","23"
"2024-07-26","성북","292","219","24","0","49"
"2024-07-26","송파","416","328","41","0","47"
"2024-07-26","수정","125","92","14","0","19"
"2024-07-26","수지","182","119","23","0","40"
"2024-07-26","양천","222","174","17","0","31"
"2024-07-26","영등포","304","235","26","0","43"
"2024-07-26","영통","262","194","32","0","36"
"2024-07-26","용산","114","93","11","0","10"
"2024-07-26","은평","257","208","19","0","30"
"2024-07-26","의정부","220","169","15","0","36"
"2024-07-26","일산동구","142","98","19","0","25"
"2024-07-26","일산서구","119","87","12","0","20"
"2024-07-26","장안","157","119","12","0","26"
"2024-07-26","종로","86","64","15","0","7"
"2024-07-26","중구","105","71","18","0","16"
"2024-07-26","중랑","223","185","13","0","25"
"2024-07-26","중원","103","79","7","0","17"
"2024-07-26","팔달","109","81","15","0","13"
"2024-07-26","하남","184","142","22","0","20"
"2024-07-26","화성","339","243","33","0","63"
"2024-07-27","강남","187","169","17","0","1"
"2024-07-27","강동","164","152","12","0","0"
"2024-07-27","강북","79","72","7","0","0"
"2024-07-27","강서","216","204","12","0","0"
"2024-07-27","계양","80","75","5","0","0"
"2024-07-27","관악","240","223","17","0","0"
"2024-07-27","광명","78","74","4","0","0"
"2024-07-27","광진","153","144","9","0","0"
"2024-07-27","구로","147","137","10","0","0"
"2024-07-27","구리","55","52","3","0","0"
"2024-07-27","군포","71","65","6","0","0"
"2024-07-27","권선","117","112","5","0","0"
"2024-07-27","금천","87","81","6","0","0"
"2024-07-27","기흥","112","108","4","0","0"
"2024-07-27","김포","101","98","3","0","0"
"2024-07-27","남양주","85","81","4","0","0"
"2024-07-27","노원","143","135","8","0","0"
"2024-07-27","덕양","90","85","5","0","0"
"2024-07-27","도봉","90","86","4","0","0"
"2024-07-27","동대문","144","132","12","0","0"
"2024-07-27","동안","83","82","1","0","0"
"2024-07-27","동작","132","127","5","0","0"
"2024-07-27","마포","186","183","3","0","0"
"2024-07-27","만안","52","47","5","0","0"
"2024-07-27","부천","231","223","8","0","0"
"2024-07-27","부평","158","148","10","0","0"
"2024-07-27","분당","120","114","5","0","1"
"2024-07-27","서대문","136","133","3","0","0"
"2024-07-27","서초","123","115","8","0","0"
"2024-07-27","성남","13","11","2","0","0"
"2024-07-27","성동","98","84","14","0","0"
"2024-07-27","성북","176","162","14","0","0"
"2024-07-27","송파","227","212","15","0","0"
"2024-07-27","수정","50","48","2","0","0"
"2024-07-27","수지","99","94","5","0","0"
"2024-07-27","양천","118","112","5","0","1"
"2024-07-27","영등포","179","164","15","0","0"
"2024-07-27","영통","133","128","5","0","0"
"2024-07-27","용산","72","69","3","0","0"
"2024-07-27","은평","176","169","7","0","0"
"2024-07-27","의정부","143","140","3","0","0"
"2024-07-27","일산동구","65","62","3","0","0"
"2024-07-27","일산서구","65","57","8","0","0"
"2024-07-27","임시","1","0","1","0","0"
"2024-07-27","장안","86","83","3","0","0"
"2024-07-27","종로","59","55","4","0","0"
"2024-07-27","중구","72","62","10","0","0"
"2024-07-27","중랑","142","133","9","0","0"
"2024-07-27","중원","80","76","4","0","0"
"2024-07-27","팔달","82","80","2","0","0"
"2024-07-27","하남","105","98","7","0","0"
"2024-07-27","화성","169","162","7","0","0"
"2024-07-28","강남","171","171","0","0","0"
"2024-07-28","강동","139","139","0","0","0"
"2024-07-28","강북","82","82","0","0","0"
"2024-07-28","강서","242","242","0","0","0"
"2024-07-28","계양","107","107","0","0","0"
"2024-07-28","관악","275","274","0","0","1"
"2024-07-28","광명","132","132","0","0","0"
"2024-07-28","광진","123","123","0","0","0"
"2024-07-28","구로","125","125","0","0","0"
"2024-07-28","구리","77","77","0","0","0"
"2024-07-28","군포","93","93","0","0","0"
"2024-07-28","권선","151","151","0","0","0"
"2024-07-28","금천","69","69","0","0","0"
"2024-07-28","기흥","159","159","0","0","0"
"2024-07-28","김포","149","149","0","0","0"
"2024-07-28","남양주","112","112","0","0","0"
"2024-07-28","노원","144","144","0","0","0"
"2024-07-28","덕양","175","175","0","0","0"
"2024-07-28","도봉","89","89","0","0","0"
"2024-07-28","동대문","150","150","0","0","0"
"2024-07-28","동안","115","115","0","0","0"
"2024-07-28","동작","160","160","0","0","0"
"2024-07-28","마포","178","178","0","0","0"
"2024-07-28","만안","71","71","0","0","0"
"2024-07-28","부천","309","309","0","0","0"
"2024-07-28","부평","195","195","0","0","0"
"2024-07-28","분당","179","179","0","0","0"
"2024-07-28","서대문","134","134","0","0","0"
"2024-07-28","서초","122","122","0","0","0"
"2024-07-28","성남","35","35","0","0","0"
"2024-07-28","성동","112","112","0","0","0"
"2024-07-28","성북","168","168","0","0","0"
"2024-07-28","송파","231","231","0","0","0"
"2024-07-28","수정","92","92","0","0","0"
"2024-07-28","수지","157","157","0","0","0"
"2024-07-28","양천","166","165","1","0","0"
"2024-07-28","영등포","167","167","0","0","0"
"2024-07-28","영통","186","186","0","0","0"
"2024-07-28","용산","63","63","0","0","0"
"2024-07-28","은평","167","167","0","0","0"
"2024-07-28","의정부","190","190","0","0","0"
"2024-07-28","일산동구","94","94","0","0","0"
"2024-07-28","일산서구","105","105","0","0","0"
"2024-07-28","장안","108","108","0","0","0"
"2024-07-28","종로","37","37","0","0","0"
"2024-07-28","중구","71","71","0","0","0"
"2024-07-28","중랑","114","114","0","0","0"
"2024-07-28","중원","82","82","0","0","0"
"2024-07-28","팔달","118","118","0","0","0"
"2024-07-28","하남","118","118","0","0","0"
"2024-07-28","화성","188","188","0","0","0"
"2024-07-29","강남","330","155","95","0","80"
"2024-07-29","강동","270","140","58","0","72"
"2024-07-29","강북","138","77","33","0","28"
"2024-07-29","강서","359","200","68","0","91"
"2024-07-29","계양","141","61","27","0","53"
"2024-07-29","관악","372","217","77","0","78"
"2024-07-29","광명","152","65","38","0","49"
"2024-07-29","광진","243","120","47","0","76"
"2024-07-29","구로","239","122","44","0","73"
"2024-07-29","구리","94","44","21","0","29"
"2024-07-29","군포","122","45","28","0","49"
"2024-07-29","권선","195","87","39","0","69"
"2024-07-29","금천","155","86","22","0","47"
"2024-07-29","기흥","180","89","41","0","50"
"2024-07-29","김포","205","81","45","0","79"
"2024-07-29","남양주","125","46","32","0","47"
"2024-07-29","노원","264","146","58","0","60"
"2024-07-29","덕양","187","87","37","0","63"
"2024-07-29","도봉","148","86","23","0","39"
"2024-07-29","동대문","239","151","48","0","40"
"2024-07-29","동안","171","80","37","0","54"
"2024-07-29","동작","251","145","45","0","61"
"2024-07-29","마포","236","125","60","0","51"
"2024-07-29","만안","104","58","12","0","34"
"2024-07-29","부천","451","216","71","0","164"
"2024-07-29","부평","233","126","41","0","66"
"2024-07-29","분당","246","116","60","0","70"
"2024-07-29","서대문","197","113","34","0","50"
"2024-07-29","서초","248","114","67","0","67"
"2024-07-29","성남","36","21","9","0","6"
"2024-07-29","성동","196","93","44","0","59"
"2024-07-29","성북","234","132","53","0","49"
"2024-07-29","송파","378","194","77","0","107"
"2024-07-29","수정","130","73","27","0","30"
"2024-07-29","수지","191","87","36","0","68"
"2024-07-29","양천","212","114","43","0","55"
"2024-07-29","영등포","271","159","53","0","59"
"2024-07-29","영통","234","117","55","0","62"
"2024-07-29","용산","110","49","28","0","33"
"2024-07-29","은평","263","148","56","0","59"
"2024-07-29","의정부","210","118","28","0","64"
"2024-07-29","일산동구","146","60","39","0","47"
"2024-07-29","일산서구","157","80","35","0","42"
"2024-07-29","장안","151","74","29","0","48"
"2024-07-29","종로","86","48","13","0","25"
"2024-07-29","중구","99","52","23","0","24"
"2024-07-29","중랑","199","99","44","0","56"
"2024-07-29","중원","129","60","26","0","43"
"2024-07-29","팔달","126","65","28","0","33"
"2024-07-29","하남","167","74","44","0","49"
"2024-07-29","화성","357","152","80","0","125"
"2024-07-30","강남","331","220","43","0","68"
"2024-07-30","강동","282","203","25","0","54"
"2024-07-30","강북","165","120","18","0","27"
"2024-07-30","강서","401","292","34","0","75"
"2024-07-30","계양","161","118","14","0","29"
"2024-07-30","관악","450","367","41","0","42"
"2024-07-30","광명","150","108","12","0","30"
"2024-07-30","광진","285","222","26","0","37"
"2024-07-30","구로","236","180","19","0","37"
"2024-07-30","구리","102","78","4","0","20"
"2024-07-30","군포","140","85","19","0","36"
"2024-07-30","권선","211","151","17","0","43"
"2024-07-30","금천","152","117","14","0","21"
"2024-07-30","기흥","198","133","23","0","42"
"2024-07-30","김포","206","135","23","0","48"
"2024-07-30","남양주","153","111","16","0","26"
"2024-07-30","노원","277","215","21","0","41"
"2024-07-30","덕양","199","137","19","0","43"
"2024-07-30","도봉","136","98","10","0","28"
"2024-07-30","동대문","241","184","23","0","34"
"2024-07-30","동안","191","149","20","0","22"
"2024-07-30","동작","237","177","22","0","38"
"2024-07-30","마포","278","194","31","0","53"
"2024-07-30","만안","158","122","13","0","23"
"2024-07-30","부천","416","301","36","0","79"
"2024-07-30","부평","298","234","20","0","44"
"2024-07-30","분당","254","176","32","0","46"
"2024-07-30","서대문","183","139","17","0","27"
"2024-07-30","서초","230","154","21","0","55"
"2024-07-30","성남","66","37","13","0","16"
"2024-07-30","성동","201","137","31","0","33"
"2024-07-30","성북","270","204","26","0","40"
"2024-07-30","송파","422","306","38","0","78"
"2024-07-30","수정","121","89","11","0","21"
"2024-07-30","수지","186","129","17","0","40"
"2024-07-30","양천","216","146","22","0","48"
"2024-07-30","영등포","292","197","33","0","62"
"2024-07-30","영통","228","170","15","0","43"
"2024-07-30","용산","138","105","16","0","17"
"2024-07-30","은평","261","194","25","0","42"
"2024-07-30","의정부","257","188","29","0","40"
"2024-07-30","일산동구","156","112","17","0","27"
"2024-07-30","일산서구","146","99","19","0","28"
"2024-07-30","장안","146","105","14","0","27"
"2024-07-30","종로","93","67","16","0","10"
"2024-07-30","중구","98","72","13","0","13"
"2024-07-30","중랑","245","190","27","0","28"
"2024-07-30","중원","142","107","13","0","22"
"2024-07-30","팔달","127","94","13","0","20"
"2024-07-30","하남","155","119","11","0","25"
"2024-07-30","화성","352","252","32","0","68"
"2024-07-31","강남","384","252","44","0","88"
"2024-07-31","강동","294","225","18","0","51"
"2024-07-31","강북","144","107","13","0","24"
"2024-07-31","강서","410","283","39","0","88"
"2024-07-31","계양","127","87","8","0","32"
"2024-07-31","관악","434","339","42","0","53"
"2024-07-31","광명","147","105","9","0","33"
"2024-07-31","광진","265","190","21","0","54"
"2024-07-31","구로","248","189","22","0","37"
"2024-07-31","구리","107","76","4","0","27"
"2024-07-31","군포","134","94","9","0","31"
"2024-07-31","권선","170","116","17","0","37"
"2024-07-31","금천","161","122","21","0","18"
"2024-07-31","기흥","210","130","29","0","51"
"2024-07-31","김포","215","143","21","0","51"
"2024-07-31","남양주","150","98","19","0","33"
"2024-07-31","노원","248","178","21","0","49"
"2024-07-31","덕양","194","137","13","0","44"
"2024-07-31","도봉","160","113","13","0","34"
"2024-07-31","동대문","212","151","17","0","44"
"2024-07-31","동안","171","115","19","0","37"
"2024-07-31","동작","286","211","27","0","48"
"2024-07-31","마포","244","185","22","0","37"
"2024-07-31","만안","109","76","17","0","16"
"2024-07-31","부천","431","305","33","0","93"
"2024-07-31","부평","265","187","22","0","56"
"2024-07-31","분당","240","158","22","0","60"
"2024-07-31","서대문","225","170","18","0","37"
"2024-07-31","서초","236","145","27","0","64"
"2024-07-31","성남","53","32","4","0","17"
"2024-07-31","성동","190","133","18","0","39"
"2024-07-31","성북","278","204","19","0","55"
"2024-07-31","송파","420","274","44","0","102"
"2024-07-31","수정","134","100","10","0","24"
"2024-07-31","수지","185","115","21","0","49"
"2024-07-31","양천","230","156","20","0","54"
"2024-07-31","영등포","301","229","26","0","46"
"2024-07-31","영통","261","173","40","0","48"
"2024-07-31","용산","143","100","13","0","30"
"2024-07-31","은평","272","194","26","0","52"
"2024-07-31","의정부","232","165","16","0","51"
"2024-07-31","일산동구","125","86","14","0","25"
"2024-07-31","일산서구","134","81","18","0","35"
"2024-07-31","장안","163","111","17","0","35"
"2024-07-31","종로","98","68","13","0","17"
"2024-07-31","중구","110","76","12","0","22"
"2024-07-31","중랑","259","193","25","0","41"
"2024-07-31","중원","130","89","18","0","23"
"2024-07-31","팔달","123","90","11","0","22"
"2024-07-31","하남","173","131","15","0","27"
"2024-07-31","화성","313","201","31","0","81"
"2024-08-01","강남","40","39","0","0","1"
"2024-08-01","강동","31","31","0","0","0"
"2024-08-01","강북","19","19","0","0","0"
"2024-08-01","강서","56","56","0","0","0"
"2024-08-01","계양","30","30","0","0","0"
"2024-08-01","관악","57","57","0","0","0"
"2024-08-01","광명","21","21","0","0","0"
"2024-08-01","광진","28","28","0","0","0"
"2024-08-01","구로","23","22","0","0","1"
"2024-08-01","구리","11","11","0","0","0"
"2024-08-01","군포","20","20","0","0","0"
"2024-08-01","권선","33","33","0","0","0"
"2024-08-01","금천","29","29","0","0","0"
"2024-08-01","기흥","32","32","0","0","0"
"2024-08-01","김포","32","32","0","0","0"
"2024-08-01","남양주","23","23","0","0","0"
"2024-08-01","노원","33","32","0","0","1"
"2024-08-01","덕양","25","25","0","0","0"
"2024-08-01","도봉","14","14","0","0","0"
"2024-08-01","동대문","32","32","0","0","0"
"2024-08-01","동안","30","30","0","0","0"
"2024-08-01","동작","28","28","0","0","0"
"2024-08-01","마포","19","19","0","0","0"
"2024-08-01","만안","19","19","0","0","0"
"2024-08-01","부천","66","64","0","0","2"
"2024-08-01","부평","44","42","0","0","2"
"2024-08-01","분당","33","33","0","0","0"
"2024-08-01","서대문","24","24","0","0","0"
"2024-08-01","서초","24","24","0","0","0"
"2024-08-01","성남","3","3","0","0","0"
"2024-08-01","성동","27","27","0","0","0"
"2024-08-01","성북","27","27","0","0","0"
"2024-08-01","송파","48","48","0","0","0"
"2024-08-01","수정","15","15","0","0","0"
"2024-08-01","수지","33","33","0","0","0"
"2024-08-01","양천","20","20","0","0","0"
"2024-08-01","영등포","33","33","0","0","0"
"2024-08-01","영통","36","35","0","0","1"
"2024-08-01","용산","18","18","0","0","0"
"2024-08-01","은평","33","32","0","0","1"
"2024-08-01","의정부","39","36","0","0","3"
"2024-08-01","일산동구","20","20","0","0","0"
"2024-08-01","일산서구","22","22","0","0","0"
"2024-08-01","장안","28","28","0","0","0"
"2024-08-01","종로","11","11","0","0","0"
"2024-08-01","중구","12","12","0","0","0"
"2024-08-01","중랑","35","34","0","0","1"
"2024-08-01","중원","10","10","0","0","0"
"2024-08-01","팔달","29","29","0","0","0"
"2024-08-01","하남","27","25","0","0","2"
"2024-08-01","화성","62","62","0","0","0"
"2024-08-02","강서","1","1","0","0","0"
"2024-08-02","구로","2","2","0","0","0"
"2024-08-02","권선","1","1","0","0","0"
"2024-08-02","금천","1","1","0","0","0"
"2024-08-02","만안","1","1","0","0","0"
"2024-08-02","부천","1","1","0","0","0"
"2024-08-03","권선","1","1","0","0","0"
,"강남","62","3","0","0","59"
,"강동","33","2","0","0","31"
,"강북","19","2","1","0","16"
,"강서","38","4","0","0","34"
,"계양","14","2","0","0","12"
,"관악","19","4","0","0","15"
,"광명","20","3","0","0","17"
,"광진","29","2","1","0","26"
,"구로","23","4","1","0","18"
,"구리","20","2","0","0","18"
,"군포","18","0","0","0","18"
,"권선","25","1","0","0","24"
,"금천","19","3","2","0","14"
,"기흥","33","0","0","0","33"
,"김포","27","0","0","0","27"
,"남양주","24","0","0","0","24"
,"노원","34","3","0","0","31"
,"덕양","27","1","1","0","25"
,"도봉","17","0","0","0","17"
,"동대문","20","2","1","0","17"
,"동안","32","4","0","0","28"
,"동작","34","3","0","0","31"
,"마포","39","3","0","0","36"
,"만안","13","0","0","0","13"
,"부천","60","5","2","0","53"
,"부평","31","0","0","0","31"
,"분당","45","1","1","0","43"
,"서대문","19","4","0","0","15"
,"서초","45","4","2","0","39"
,"성남","10","0","0","0","10"
,"성동","17","1","1","0","15"
,"성북","27","1","0","0","26"
,"송파","61","7","0","0","54"
,"수정","17","1","1","0","15"
,"수지","47","3","1","0","43"
,"양천","32","0","0","0","32"
,"영등포","35","2","1","0","32"
,"영통","40","2","0","0","38"
,"용산","18","2","2","0","14"
,"은평","32","2","0","0","30"
,"의정부","42","4","0","0","38"
,"일산동구","36","2","0","0","34"
,"일산서구","19","2","0","0","17"
,"장안","17","1","0","0","16"
,"종로","10","1","0","0","9"
,"중구","15","1","1","0","13"
,"중랑","19","0","0","0","19"
,"중원","14","1","0","0","13"
,"팔달","13","0","0","0","13"
,"하남","33","2","1","0","30"
,"화성","65","2","0","0","63"
